n_nodes,trial_seed,size_A,size_D,reduction_ratio,n_conflicts,raw_qaoa_U_x,raw_qaoa_feasible,qaoa_repair_U_x,qaoa_repair_feasible,random_repair_U_x,random_repair_feasible,greedy_U_x,greedy_feasible,qaoa_eq_greedy,random_eq_greedy,qaoa_eq_random
25,42,13,150,0.08666666666666667,1,89.20701803583302,False,80.94286357636359,True,80.94286357636359,True,80.94286357636359,True,True,True,True
25,43,13,150,0.08666666666666667,2,79.19070383965422,False,71.10872866403287,True,71.10872866403287,True,71.10872866403287,True,True,True,True
25,44,8,150,0.05333333333333334,1,20.098088489549443,True,38.78661943896232,True,38.78661943896232,True,38.78661943896232,True,True,True,True
25,45,11,150,0.07333333333333333,2,46.08797719920685,False,42.840937519771074,True,42.840937519771074,True,42.840937519771074,True,True,True,True
25,46,12,150,0.08,3,52.014811583583736,False,43.124852631057855,True,43.124852631057855,True,43.124852631057855,True,True,True,True
25,47,10,150,0.06666666666666667,2,32.01981234137541,True,51.42999062717476,True,51.42999062717476,True,51.42999062717476,True,True,True,True
25,48,14,150,0.09333333333333334,3,75.84270042225509,False,67.98233573477951,True,67.98233573477951,True,67.98233573477951,True,True,True,True
25,49,14,150,0.09333333333333334,4,73.16426402372183,False,56.021098928927586,True,56.021098928927586,True,56.021098928927586,True,True,True,True
25,50,10,150,0.06666666666666667,3,62.56194619146376,False,49.3616862447733,True,49.3616862447733,True,49.3616862447733,True,True,True,True
25,51,13,150,0.08666666666666667,2,83.71458647220368,False,74.00377544452343,True,76.61744279912159,True,76.61744279912159,True,False,True,False
25,52,11,150,0.07333333333333333,4,47.71012532820491,True,47.71012532820491,True,47.71012532820491,True,47.71012532820491,True,True,True,True
25,53,5,150,0.03333333333333333,0,33.53636955567619,True,33.53636955567619,True,33.53636955567619,True,33.53636955567619,True,True,True,True
25,54,13,150,0.08666666666666667,4,59.11622985034656,False,49.119219330171624,True,49.119219330171624,True,49.119219330171624,True,True,True,True
25,55,7,150,0.04666666666666667,1,25.958043662832,False,30.830853419949484,True,30.830853419949484,True,30.830853419949484,True,True,True,True
25,56,8,150,0.05333333333333334,0,39.00706044673801,True,45.10333633200291,True,45.10333633200291,True,45.10333633200291,True,True,True,True
25,57,16,150,0.10666666666666667,5,59.325907323149394,True,59.325907323149394,True,59.325907323149394,True,59.325907323149394,True,True,True,True
25,58,8,150,0.05333333333333334,0,45.84626891537173,True,50.027278882180944,True,50.027278882180944,True,50.027278882180944,True,True,True,True
25,59,10,150,0.06666666666666667,0,37.741735463014294,True,57.47527477953918,True,57.47527477953918,True,57.47527477953918,True,True,True,True
25,60,11,150,0.07333333333333333,3,53.79067367381989,False,46.42690969982746,True,46.42690969982746,True,46.42690969982746,True,True,True,True
25,61,9,150,0.06,3,33.66539685921604,False,27.335031104046916,True,27.335031104046916,True,27.335031104046916,True,True,True,True
25,62,10,150,0.06666666666666667,2,43.19273096331222,False,41.38128162432371,True,41.38128162432371,True,41.38128162432371,True,True,True,True
25,63,8,150,0.05333333333333334,0,35.71673123512517,True,39.33368217669761,True,39.33368217669761,True,39.33368217669761,True,True,True,True
25,64,19,150,0.12666666666666668,11,95.72874041632416,False,84.39317646348918,True,84.39317646348918,True,84.39317646348918,True,True,True,True
25,65,7,150,0.04666666666666667,3,33.24865780790679,False,28.422949683163296,True,28.422949683163296,True,28.422949683163296,True,True,True,True
25,66,8,150,0.05333333333333334,1,42.15563563557842,True,42.15563563557842,True,42.15563563557842,True,42.15563563557842,True,True,True,True
25,67,6,150,0.04,1,26.42331040406725,True,26.42331040406725,True,26.42331040406725,True,26.42331040406725,True,True,True,True
25,68,9,150,0.06,3,33.961885828737486,True,43.38566929717117,True,43.38566929717117,True,43.38566929717117,True,True,True,True
25,69,6,150,0.04,0,29.83992482662513,True,32.78867430845881,True,32.78867430845881,True,32.78867430845881,True,True,True,True
25,70,8,150,0.05333333333333334,3,36.56917112897443,True,44.184032861059805,True,44.184032861059805,True,44.184032861059805,True,True,True,True
25,71,12,150,0.08,2,48.33073587423156,True,48.33073587423156,True,48.33073587423156,True,48.33073587423156,True,True,True,True
