seed,n_vars,n_conflicts,w_H,w_A,w_B,trap_gap,greedy_U,random_repair_U,qaoa_repair_U,raw_qaoa_U,exact_U,exact_runtime_s,gap_qaoa_pct,gap_greedy_pct,greedy_eq_opt,qaoa_eq_opt,random_eq_opt,qaoa_beats_greedy,greedy_took_H
42,33,20,10.0,6.959140197686826,6.037516132834001,2.9966563305208265,74.85411019851946,70.46403133946401,70.65703715064517,61.68608126847839,76.00013117992424,0.01313439100000835,7.030374745840535,1.507919741206316,False,False,False,False,True
43,33,24,10.0,6.05782775900607,7.044336483955579,3.102164242961649,78.92568807827942,78.92568807827942,80.08198152913839,60.43355301256444,80.08198152913839,0.0076533800000078145,0.0,1.4438871626050391,False,True,False,True,True
44,33,22,10.0,6.612803818881741,6.812958013656894,3.425761832538635,80.6455416404144,79.29735138318546,80.6455416404144,71.69387293477652,80.6455416404144,0.006835473999998953,0.0,0.0,True,True,False,False,True
45,33,24,10.0,6.407813121576136,6.732042311776362,3.1398554333524977,61.54516310725097,61.54516310725097,59.32699943286029,65.45512115883888,77.27384330460758,0.006827676999989762,23.22499193032525,20.354468633526295,False,False,False,False,True
46,33,29,10.0,7.332402114678732,6.59999159395652,3.932393708635253,82.544035204819,72.55927790719385,84.26412914234267,64.65124229565257,84.26412914234267,0.0071813990000038075,0.0,2.041312187084985,False,True,False,True,True
47,33,21,10.0,6.527769383741824,6.645279368985147,3.17304875272697,82.05774470782916,82.05774470782916,82.05774470782916,81.44396552029424,82.05774470782916,0.006756690999992543,0.0,0.0,True,True,True,False,True
48,33,22,10.0,6.8222367426244945,6.197837195063814,3.0200739376883092,79.10863318249686,69.30332268419674,76.68035548242823,74.49579546663388,79.10863318249686,0.0066217930000078695,3.069548293758033,0.0,True,False,False,False,True
49,33,19,10.0,6.100325964514128,6.619864224642389,2.720190189156517,79.9118298002508,77.56213038539812,81.93241435452069,64.15824004286932,83.85136388598443,0.005838341000000469,2.288513200659443,4.6982349518969615,False,False,False,True,True
50,33,20,10.0,6.746304853137904,6.399260584608811,3.145565437746715,99.68391680793961,99.68391680793961,99.68391680793961,94.41804735841006,99.68391680793961,0.006095348000002332,0.0,0.0,True,True,True,False,True
51,33,22,10.0,6.365276644064005,6.753313484254734,3.11859012831874,84.99034878995252,84.99034878995252,90.09084016109918,71.09070716797278,90.09084016109918,0.005999505999994881,0.0,5.661498285537168,False,True,False,True,True
52,33,24,10.0,7.4675322875564945,6.081783982515686,3.5493162700721808,78.10767113681743,83.96763182043381,86.74578165791424,85.70136909753339,86.74578165791424,0.006253006999997979,0.0,9.95796032498914,False,True,False,True,True
53,33,17,10.0,6.925712215004928,7.335207829803825,4.260920044808753,81.53425718692327,77.3750528262441,79.71220171891768,62.13687780986362,81.53425718692327,0.006522781000001032,2.2347115566753626,0.0,True,False,False,False,True
54,33,20,10.0,7.370464458832337,6.206217029380847,3.5766814882131825,88.66923300466938,79.6876101855327,87.2743388939831,77.1850598416813,88.66923300466938,0.006213043999991896,1.5731433141107969,0.0,True,False,False,False,True
55,33,24,10.0,6.135509781404024,7.425950346845166,3.561460128249191,87.95023315036663,87.95023315036663,87.95023315036663,77.5520655257297,87.95023315036663,0.006233299999991004,0.0,0.0,True,True,True,False,True
56,33,27,10.0,7.448878782037416,6.839633870998357,4.288512653035774,77.87760230987111,58.35705828459094,73.88493666445508,66.039080613397,79.46308834745186,0.0068717939999771716,7.01980227424127,1.9952484487492137,False,False,False,False,True
57,33,24,10.0,6.063848570373866,6.884529675602481,2.948378245976347,77.52421900326003,77.52421900326003,71.96301808627362,47.086286281174814,86.32106157920654,0.006056730000011612,16.633302730826887,10.19084151076467,False,False,False,False,True
58,33,30,10.0,6.871135747400935,6.30858599847162,3.1797217458725555,64.08310154322076,78.660853914529,64.08310154322076,58.24125028836495,83.03178553759808,0.006457558999983348,22.821000261155483,22.821000261155483,False,False,False,False,True
59,33,21,10.0,6.336278212270989,7.398960444896021,3.7352386571670095,81.75809788924323,81.75809788924323,81.75809788924323,72.67555739041309,89.9326168364747,0.006064516000009235,9.08960423346211,9.08960423346211,False,False,False,False,True
60,33,23,10.0,6.4617101321006665,6.866936815762559,3.3286469478632252,75.44560647087673,72.60043535049745,75.44560647087673,64.02200443131284,81.84587087640332,0.006405353000019431,7.819898960073054,7.819898960073054,False,False,False,False,True
61,33,27,10.0,6.741731153969152,6.835037595221099,3.5767687491902507,71.38823133720621,69.91543928402945,64.45835677143847,63.00558460825154,83.83377150690166,0.006453024000023788,23.111705923749465,14.845497161810098,False,False,False,False,True
