n_nodes,trial_seed,size_D,size_A,reduction_ratio,rejected_fidelity,rejected_availability,rejected_collision,n_conflicts,lambda_star,n_partitions,reconstructed_HC,feasible,U_x,raw_qaoa_feasible,raw_qaoa_U_x,random_repair_feasible,random_repair_U_x,random_repair_runtime_s,greedy_feasible,greedy_U_x,greedy_runtime_s,sa_feasible,sa_U_x,sa_runtime_s,tabu_feasible,tabu_U_x,tabu_runtime_s,ga_feasible,ga_U_x,ga_runtime_s,aco_feasible,aco_U_x,aco_runtime_s,total_weight,runtime_s,peak_memory_mb
50,42,300,72,0.24,105,0,123,117,9.965092422160872,19,-166.84528754438713,True,130.20278265074387,False,109.89659743307512,True,130.20278265074387,0.0004672000000027765,True,130.20278265074387,0.00018770000002632514,True,130.20278265074387,0.05007630000000063,False,140.16787507290468,0.6615354999999852,True,130.20278265074387,0.45863239999999905,False,137.06087969335124,0.19704000000001543,288.6889525259568,94.49852050000001,3.0980310440063477
50,43,300,84,0.28,87,0,129,120,9.821134570643284,24,-170.54944143299986,True,139.81554391073377,False,128.3765976960483,True,139.81554391073377,0.00044709999997394334,True,139.81554391073377,0.00021429999998190397,True,139.81554391073377,0.04757649999999103,True,139.81554391073377,0.6969693999999436,True,139.81554391073377,0.5612767000000076,False,175.1428754657872,0.2771430999999893,247.94651086872463,104.93096039999998,2.8966598510742188
50,44,300,75,0.25,111,0,114,120,9.969209548906317,20,-168.18499350283315,True,128.32815093272075,True,84.34032413320034,True,128.32815093272075,0.0005964999999719112,True,128.32815093272075,0.00019070000001875087,False,138.29736048162704,0.04777680000000828,False,138.29736048162704,0.6042087000000151,True,128.32815093272075,0.5538295000000062,False,147.4498407666434,0.4599968999999646,250.37902177303533,84.28198950000001,2.8888349533081055
50,45,300,66,0.22,96,0,138,102,9.744337887919663,18,-147.77603239274384,True,121.63800421616781,False,124.77199085223404,True,121.63800421616781,0.0008192000000235566,True,121.63800421616781,0.00042029999997339473,False,131.38234210408748,0.05981990000003634,True,121.63800421616781,0.9296481000000085,False,131.38234210408748,1.004828400000008,False,158.80904674321457,0.28403739999998834,274.51243946981793,75.37461569999999,2.8841981887817383
50,46,300,69,0.23,117,0,114,96,9.8994468103391,20,-148.60009481465664,True,114.09531181223635,False,103.72095769176802,True,114.09531181223635,0.0003220999999484775,True,114.09531181223635,0.00013749999993706297,False,123.99475862257545,0.03790589999994154,True,114.09531181223635,0.38260200000001987,False,123.99475862257545,0.37159759999997277,False,121.2344271018214,0.1744235999999546,271.6603541524544,72.54767999999996,2.9171743392944336
50,47,300,69,0.23,132,0,99,96,9.501693692594017,20,-168.81902178325555,True,134.6091596068854,False,129.46471890564655,True,134.6091596068854,0.00036170000009860814,True,134.6091596068854,0.00015559999997094565,False,144.11085329947943,0.07019620000005489,False,144.11085329947943,0.5965956000000006,True,134.6091596068854,0.4710894999999482,False,153.17219162843483,0.28913650000004054,290.3192055968739,64.0200724,2.8951492309570312
50,48,300,84,0.28,90,0,126,138,9.427650884179688,22,-163.80245759406264,True,133.2841355479695,True,90.66968544521437,True,133.2841355479695,0.00039889999993647507,True,133.2841355479695,0.0001726000000417116,False,142.71178643214918,0.028623599999946236,False,142.71178643214918,0.42086200000005647,True,133.2841355479695,0.3638060000000678,False,155.93755490982628,0.1475381999999854,241.09739241416435,66.49902410000004,2.890531539916992
50,49,300,81,0.27,108,0,111,108,9.875856532588838,24,-170.1039578313982,True,141.16462940165943,False,147.14029289025365,True,141.16462940165943,0.00037680000002637826,True,141.16462940165943,0.00017620000005535985,True,141.16462940165943,0.05750030000001516,False,151.04048593424827,0.43756419999999707,True,141.16462940165943,0.3573115000000371,False,154.2684234362556,0.1806543000000147,264.1201964700682,65.35757809999996,2.914435386657715
50,50,300,84,0.28,87,0,129,111,9.893149952844237,25,-196.9084184951665,True,149.83493517114687,False,168.22785572339615,True,149.83493517114687,0.00039959999992333906,True,149.83493517114687,0.00017170000000987784,False,159.72808512399112,0.03126399999996465,False,159.72808512399112,0.4251902999999402,True,149.83493517114687,0.3672162999999955,False,165.6276767400186,0.17683230000000094,268.24999483250105,62.99676379999994,2.892425537109375
50,51,300,57,0.19,114,0,129,75,9.869009203321353,17,-150.87523391810993,True,117.90134565536299,True,98.66190138608718,True,117.90134565536299,0.00029549999999289867,True,117.90134565536299,0.00012500000002546585,True,117.90134565536299,0.03005919999998241,True,117.90134565536299,0.3036899999999605,False,127.77035485868431,0.2796446999999489,False,144.74947541971892,0.1374538999999686,282.80364817563463,43.22425539999995,2.876368522644043
50,52,300,72,0.24,84,0,144,99,9.841594099648457,21,-197.8942740288675,True,150.43827520112188,False,149.82296843594392,True,150.43827520112188,0.00033400000006622577,True,150.43827520112188,0.00014639999994869868,False,160.27986930077034,0.028175099999998565,False,160.27986930077034,0.3396688999999924,False,160.27986930077034,0.3211338999999498,False,166.3515732706265,0.14555189999998674,277.3119068274913,53.48616279999999,2.8773298263549805
50,53,300,69,0.23,120,0,111,96,9.904881978215082,20,-190.66650765662447,True,146.20760785347363,False,152.79421889767605,True,146.20760785347363,0.0003497000000152184,True,146.20760785347363,0.00015619999999216816,True,146.20760785347363,0.02952170000003207,False,156.11248983168872,0.34011130000010326,True,146.20760785347363,0.3077586000000565,False,155.63500399568068,0.18251539999994293,287.85222842485604,51.60823960000005,2.9100914001464844
50,54,300,72,0.24,135,0,93,99,9.926440565378451,21,-140.3620037003532,True,115.94006579187132,False,121.96593973895392,True,115.94006579187132,0.0003359999999474894,True,115.94006579187132,0.0001426000000037675,True,115.94006579187132,0.029758199999946555,True,115.94006579187132,0.3608833999999206,False,125.86650635724978,0.3623743000000559,False,140.38335607568197,0.17189750000000004,267.474138842662,54.70287819999999,2.88222599029541
50,55,300,78,0.26,120,0,102,132,9.612369381453874,20,-160.68940630801214,True,130.94261245550433,False,104.2623305105671,True,130.94261245550433,0.0004007000000001426,True,130.94261245550433,0.00018569999997453124,True,130.94261245550433,0.030701899999939997,False,140.5549818369582,0.4839260999999624,True,130.94261245550433,0.3562286999999742,False,153.4851682262731,0.22588370000016766,262.86445737716207,55.69701450000014,2.8859615325927734
50,56,300,78,0.26,105,0,117,123,9.933372558386488,21,-136.38625581127724,True,116.03139306954587,True,84.4466305570174,True,116.03139306954587,0.0004480000000057771,True,116.03139306954587,0.00017909999996845727,True,116.03139306954587,0.03382759999999507,False,125.96476562793235,0.5748810000000049,True,116.03139306954587,0.42306220000000394,False,137.67324195895108,0.2916600000000926,254.7810797691077,55.3062053000001,2.8827104568481445
50,57,300,90,0.3,75,0,135,144,9.211426969163943,24,-190.87741261091512,True,144.87430991366506,False,129.97199726895957,True,144.87430991366506,0.0005188000000089232,True,144.87430991366506,0.00019069999984822061,True,144.87430991366506,0.03129189999981463,True,144.87430991366506,0.5022256999998262,False,154.08573688282902,0.3450384000000213,False,178.93582792196113,0.15806520000001,272.65399607259934,62.0776558,2.9444360733032227
50,58,300,93,0.31,102,0,105,138,9.826827252539733,26,-213.22728205934388,True,169.04192494249975,False,170.4775555961454,True,169.04192494249975,0.00040349999994759855,True,169.04192494249975,0.00017400000001543958,False,178.86875219503946,0.031244799999967654,True,169.04192494249975,0.46855860000005123,True,169.04192494249975,0.37105610000003253,False,208.8040336436485,0.16052589999981137,270.8950871671531,62.35586420000004,2.9112720489501953
50,59,300,63,0.21,129,0,108,72,9.39376266937613,20,-197.25309572917598,True,146.2302601751364,False,156.90574142676516,True,146.2302601751364,0.00027670000008583884,True,146.2302601751364,0.00011880000010933145,False,155.62402284451255,0.027488599999969665,True,146.2302601751364,0.3877599999998438,False,155.62402284451255,0.2843264000000545,False,173.49910255274244,0.1258139999999912,294.16622211862233,44.776120099999844,2.881192207336426
50,60,300,90,0.3,93,0,117,153,9.777650163104932,23,-180.82150179739858,True,139.03406122574685,False,117.16384678461455,True,139.03406122574685,0.0005862999998953455,True,139.03406122574685,0.00021760000004178437,False,148.8117113888518,0.03698389999999563,False,148.8117113888518,0.5922649999999976,False,148.8117113888518,0.49996360000000095,False,147.86561506812794,0.17823609999982182,267.12367048470327,60.68020700000011,2.906646728515625
50,61,300,102,0.34,63,0,135,189,9.499556824943602,25,-187.32933293908573,True,151.21174590404036,False,133.5313236123188,True,151.21174590404036,0.0004954999999426946,True,151.21174590404036,0.00020509999990281358,False,160.71130272898398,0.03325440000003255,False,160.71130272898398,0.6005019000001539,True,151.21174590404036,0.4203585000000203,False,181.12733713269648,0.18156980000003387,244.1831818495047,75.6495480000001,3.191883087158203
50,62,300,72,0.24,102,0,126,84,9.711622417897178,22,-134.4279222987927,True,115.24906652397576,False,128.67724220886123,True,115.24906652397576,0.0006330999999590858,True,115.24906652397576,0.00032670000018697465,False,124.96068894187295,0.1463612000000012,False,124.96068894187295,0.5276940999999624,True,115.24906652397576,0.3958539000000201,False,136.56777640346033,0.18427520000000186,232.2184295899402,54.603564300000016,2.883608818054199
50,63,300,84,0.28,120,0,96,102,9.706722734047073,26,-164.84425450101995,True,137.80670487800407,False,136.19986053947713,True,137.80670487800407,0.0003773000000819593,True,137.80670487800407,0.00015979999989212956,True,137.80670487800407,0.032768799999985276,False,147.51342761205112,0.45282350000002225,False,147.51342761205112,0.4926434000001336,False,181.45097613922192,0.22280189999992217,233.38604373861844,65.62360590000003,2.896420478820801
50,64,300,81,0.27,135,0,84,108,9.888494956626271,24,-150.4737506647032,True,130.17749930894695,False,115.14587803489002,True,130.17749930894695,0.00039889999993647507,True,130.17749930894695,0.00016899999991437653,True,130.17749930894695,0.03211050000004434,False,140.0659942655732,0.4812862999999652,True,130.17749930894695,0.38361409999993157,False,132.16599742157447,0.19461299999989023,258.668449634883,63.910617,2.884922981262207
50,65,300,66,0.22,120,0,114,84,9.948567625569714,20,-168.4760328214524,True,131.985085152381,False,152.62552987232763,True,131.985085152381,0.00031779999994796526,True,131.985085152381,0.0001560000000608852,False,141.9336527779507,0.04781049999996867,False,141.9336527779507,0.43385779999994156,True,131.985085152381,0.36430109999992055,False,151.03399201204866,0.14164710000000014,280.78949264201367,51.12405710000007,2.8851442337036133
50,66,300,75,0.25,93,0,132,96,9.725168471360046,22,-156.9772899170486,True,122.52926382473626,False,106.0738991606007,True,122.52926382473626,0.0004437000000052649,True,122.52926382473626,0.00016600000003563764,True,122.52926382473626,0.03295580000008158,False,132.25443229609633,0.48926399999982095,False,132.25443229609633,0.40521990000002006,False,167.1645987832433,0.21946839999986878,253.561951962655,55.96215989999996,2.8764305114746094
50,67,300,60,0.2,141,0,99,72,9.558228886288891,18,-139.63575251847496,True,114.37532947282398,False,117.97810202723143,True,114.37532947282398,0.0003054999999676511,True,114.37532947282398,0.00012979999996787228,False,123.93355835911288,0.030960699999923236,False,123.93355835911288,0.32398220000004585,False,123.93355835911288,0.3532694000000447,False,132.63752109479105,0.11817550000000665,265.8485238386954,48.06367519999981,2.886709213256836
50,68,300,84,0.28,90,0,126,126,9.891477203311815,24,-232.35018113367073,True,178.91685320769182,False,203.48715887663437,True,178.91685320769182,0.0006717000001117412,True,178.91685320769182,0.00018470000009074283,False,188.80833041100362,0.029283099999929618,True,178.91685320769182,0.460595499999954,True,178.91685320769182,0.3634894000001623,False,203.9823730176309,0.17109960000016144,295.4538156243637,63.930130499999905,3.1664209365844727
50,69,300,75,0.25,102,0,123,111,9.355088774318824,21,-166.63807712511823,True,132.6250636875064,False,133.26701903308694,True,132.6250636875064,0.0003720999998222396,True,132.6250636875064,0.00015819999998711864,False,141.9801524618252,0.03219990200000211,True,132.6250636875064,0.420231522999984,True,132.6250636875064,0.4680571260000761,False,156.98782795967315,0.1905771100000493,279.75109519733985,57.57719549800004,2.920823097229004
50,70,300,78,0.26,129,0,93,105,9.865129517351987,23,-182.88412599845216,True,145.5571031499916,False,155.54267637374315,True,145.5571031499916,0.00036720000002787856,True,145.5571031499916,0.00016389999996135884,False,155.4222326673436,0.029929102000096464,True,145.5571031499916,0.4496350249999068,True,145.5571031499916,0.42352082299998983,False,170.46957054261105,0.15541850799991153,281.72762992735466,60.273978910000096,2.887685775756836
50,71,300,60,0.2,117,0,123,105,9.690509634752532,15,-125.51725139737468,True,96.39646348726497,True,70.16712367283712,True,96.39646348726497,0.00034779999987222254,True,96.39646348726497,0.00013629999989461794,False,106.0869731220175,0.02846190100012791,False,106.0869731220175,0.3063123169999926,True,96.39646348726497,0.3226802179999595,False,134.55762283014903,0.13950440799999342,250.61208030496152,44.28761723100001,2.8784666061401367
50,72,300,81,0.27,132,0,87,129,9.988455207702877,21,-135.9933360989643,True,114.01363871450228,True,86.24731933695138,True,114.01363871450228,0.0003942999996979779,True,114.01363871450228,0.000226800000291405,False,124.00209392220516,0.031148302000019612,False,124.00209392220516,0.4898989270000129,True,114.01363871450228,0.3481760189997658,True,108.06129543007926,0.15644990800001324,247.49725047496236,60.520348024000214,2.888021469116211
50,73,300,78,0.26,87,0,135,90,9.800113871669382,24,-167.7459115993742,True,144.62952666203051,False,138.4553490703061,True,144.62952666203051,0.0003596999999899708,True,144.62952666203051,0.00016920000007303315,False,154.42964053369994,0.03406040200025018,False,154.42964053369994,0.3963755219997438,False,154.42964053369994,0.34841971900004864,False,159.8761739779025,0.15273280900009922,251.1409139750471,59.221126952000304,2.877412796020508
50,74,300,96,0.32,78,0,126,138,9.842193319065917,28,-218.54289903161563,True,178.64917128567032,False,202.25898400156697,True,178.64917128567032,0.0004836999996769009,True,178.64917128567032,0.0002036999999290856,True,178.64917128567032,0.0359561020000001,False,188.49136460473625,0.5249930289996882,False,188.49136460473625,0.4262049239996486,False,210.119368192732,0.2216568119997646,276.91202330882226,75.48359024299998,3.184390068054199
50,75,300,90,0.3,102,0,108,135,9.835344421462013,25,-189.52981170178953,True,158.30734565885456,True,118.41667409705516,True,158.30734565885456,0.0004469000000426604,True,158.30734565885456,0.0001901999999063264,True,158.30734565885456,0.03491030200029854,False,168.14269008031658,0.5780040310000913,True,158.30734565885456,0.4369816240000546,False,183.67321183662776,0.17818501000010656,284.2485671126562,67.3050577959998,2.904019355773926
50,76,300,81,0.27,105,0,114,126,9.94774168829378,22,-167.28505127429378,True,135.13549300523354,True,109.10856784040905,True,135.13549300523354,0.00047530000028928043,True,135.13549300523354,0.00017929999967236654,False,145.08323469352732,0.034009901999979775,False,145.08323469352732,0.5379987290002646,True,135.13549300523354,0.3902259219998996,False,162.61222747372412,0.14696840799979327,263.5660054507394,60.848093342000084,2.8855743408203125
50,77,300,93,0.31,90,0,117,147,9.979534063646517,25,-191.1285833389678,True,158.04947531330203,False,134.41415706047988,True,158.04947531330203,0.00044139999999970314,True,158.04947531330203,0.00018120000004273606,False,168.02900937694855,0.033982301999913034,False,168.02900937694855,0.5658944309998333,False,168.02900937694855,0.44884942499993485,False,185.09130044782293,0.1634192090000397,267.4661259522409,70.70440738399975,2.9556283950805664
50,78,300,78,0.26,111,0,111,105,9.116079587579621,23,-176.10706693418356,True,138.33699870402407,False,126.39569572988472,True,138.33699870402407,0.0010290999998687766,True,138.33699870402407,0.0004266999999344989,False,147.45307829160367,0.0682797039999059,True,138.33699870402407,0.7887931430000208,True,138.33699870402407,0.4559302249999746,False,169.5077779551917,0.2314866130000155,266.28601773716343,59.63983377600016,2.8835020065307617
50,79,300,84,0.28,87,0,129,129,9.939259399913045,23,-166.70342921096736,True,137.28446060987704,False,119.0906122126298,True,137.28446060987704,0.0008498000001964101,True,137.28446060987704,0.0003645000001597509,True,137.28446060987704,0.03783430200019211,True,137.28446060987704,0.5016604269999334,True,137.28446060987704,0.5553252309996424,False,159.4100607018921,0.18640691000018705,246.44148756182776,64.02089681400003,2.892841339111328
50,80,300,60,0.2,129,0,111,87,9.858387335034097,17,-129.81230504809395,True,105.12652850858397,False,104.15802597369091,True,105.12652850858397,0.0003065999999307678,True,105.12652850858397,0.00013040000021646847,False,114.98491584361807,0.04817360200013354,False,114.98491584361807,0.35650041999997484,False,114.98491584361807,0.3276267179999195,False,114.97468971912664,0.13998110800002905,254.00026937706707,47.765651821999654,2.8676023483276367
50,81,300,81,0.27,114,0,105,147,9.96027840073197,19,-162.48343473098282,True,128.63116587835074,False,126.72998879504186,True,128.63116587835074,0.00040129999979399145,True,128.63116587835074,0.00016519999962838483,True,128.63116587835074,0.052441003000240016,True,128.63116587835074,0.47630612600005406,True,128.63116587835074,0.3395538189997751,False,172.7510770141539,0.19804011099995478,273.2375093729931,59.789803482000025,2.8873205184936523
50,82,300,63,0.21,147,0,90,81,9.673561865222588,19,-141.5782693821556,True,112.72881810589854,False,123.57052804592637,True,112.72881810589854,0.0003183999997418141,True,112.72881810589854,0.00013889999991079094,False,122.40237997112112,0.03082860199992865,False,122.40237997112112,0.3851627210001425,True,112.72881810589854,0.36967242100035946,False,140.04502181227738,0.13386700699993526,288.7203643177025,48.97602908900035,2.8856496810913086
50,83,300,69,0.23,165,0,66,96,9.573546436418475,20,-127.55643441392131,True,104.7121346459003,False,98.29818844844164,True,104.7121346459003,0.00037599999996018596,True,104.7121346459003,0.00015890000031504314,True,104.7121346459003,0.03259300199988502,False,114.2856810823188,0.49485312600018005,False,114.2856810823188,0.4685761260002437,False,147.61731828995607,0.17029620999983308,275.0104739340104,53.99110936399984,2.9061622619628906
50,84,300,78,0.26,75,0,147,105,9.909718573332874,23,-182.67912686085978,True,144.38030173728524,False,158.58831877281563,True,144.38030173728524,0.00039409999999406864,True,144.38030173728524,0.00016749999986132025,False,154.29002031061813,0.03278370099997119,False,154.29002031061813,0.5095205279999391,False,154.29002031061813,0.4397926249998818,False,165.64348746946655,0.2203724119999606,257.4888562776117,63.964556311999786,2.8803186416625977
50,85,300,75,0.25,108,0,117,114,9.70914814520868,20,-148.2024000195857,True,118.57409087007446,False,100.3910882737906,True,118.57409087007446,0.0004121000001759967,True,118.57409087007446,0.00018350000027567148,False,128.28323901528313,0.03479770100011592,False,128.28323901528313,0.4781525270000202,True,118.57409087007446,0.42904592300010336,False,126.27629421044321,0.18249360999971032,252.76946657788022,55.498594247000256,2.874138832092285
50,86,300,72,0.24,141,0,87,99,9.890136304324876,21,-138.7315166194217,True,118.69901684115169,False,108.84250738465465,True,118.69901684115169,0.00033679999978630804,True,118.69901684115169,0.0001432999997632578,False,128.58915314547656,0.028931301000284293,True,118.69901684115169,0.37402732100008507,False,128.58915314547656,0.35365951899984793,False,145.02127375855923,0.176793109999835,257.6348034013216,57.08080563500016,2.8817672729492188
50,87,300,63,0.21,147,0,90,72,9.819718072880104,20,-145.6268563708247,True,122.38642323737892,True,110.09032481992043,True,122.38642323737892,0.0002996999996867089,True,122.38642323737892,0.00012400000014167745,True,122.38642323737892,0.028608101999907376,False,132.206141310259,0.43428352399996584,False,132.206141310259,0.30331331599973055,False,138.28796563727457,0.12629620699999577,285.80256559474583,49.700201030000244,2.9218082427978516
50,88,300,63,0.21,117,0,120,81,9.781801387007969,19,-148.16402295748978,True,118.93695589373172,False,126.1486671050087,True,118.93695589373172,0.0003347000001667766,True,118.93695589373172,0.00013279999984661117,False,128.71875728073968,0.030002402000263828,True,118.93695589373172,0.34012061800012816,False,128.71875728073968,0.332791219000228,False,135.5164742595295,0.13367910699980712,248.26724894017093,47.8083971279998,2.890531539916992
50,89,300,69,0.23,147,0,84,105,9.919144390270615,19,-133.01089736270285,True,113.09927311599404,False,100.79385716376275,True,113.09927311599404,0.0003649000000223168,True,113.09927311599404,0.00015720000010333024,True,113.09927311599404,0.030589601999963634,True,113.09927311599404,0.34402631900002234,True,113.09927311599404,0.3719392200000584,False,126.7885862071525,0.14032630800011248,274.20509043022753,50.49721237199992,2.8872060775756836
50,90,300,72,0.24,96,0,132,90,9.882903699342663,22,-138.67758485035165,True,122.08873300545946,True,109.8528296039663,True,122.08873300545946,0.0004370999999991909,True,122.08873300545946,0.00017139999999926658,True,122.08873300545946,0.09042520499997408,False,131.97163670480214,0.5045261269997354,True,122.08873300545946,0.3595283200002086,False,137.57456876848164,0.19827581099980307,256.5353916009227,60.01182189500014,2.872866630554199
50,91,300,63,0.21,135,0,102,90,9.382907048009399,18,-148.32680808261634,True,117.08103511811393,False,128.75807423885726,True,117.08103511811393,0.0006309000000328524,True,117.08103511811393,0.0002901000002566434,True,117.08103511811393,0.05140870299965172,False,126.46394216612333,0.32427231800011214,False,126.46394216612333,0.3131620170001952,False,143.63380060947816,0.13799610800015216,271.01766160107576,49.26908660500021,2.8848304748535156
50,92,300,72,0.24,84,0,144,99,9.986764758605792,21,-158.13630215213283,True,128.24867581725303,False,105.52150307811847,True,128.24867581725303,0.0005188000000089232,True,128.24867581725303,0.00015339999981733854,False,138.23544057585886,0.030176901000231737,False,138.23544057585886,0.486944826999661,False,138.23544057585886,0.5156024290004098,False,163.94228272918855,0.22859121200008303,276.51136913140203,55.360635440999886,2.8803787231445312
50,93,300,57,0.19,156,0,87,93,9.919277763041457,15,-102.74972618126493,True,92.86102163751666,True,64.77403892886514,True,92.86102163751666,0.0004050000002280285,True,92.86102163751666,0.0001623000002837216,False,102.78029940055809,0.03625190200000361,False,102.78029940055809,0.3834067210000285,True,92.86102163751666,0.3388338179997845,False,111.94126687809903,0.22012651199975153,265.1247261196728,42.315522024000074,2.87625789642334
50,94,300,78,0.26,108,0,114,123,9.893984637066989,21,-169.6239731841381,True,132.81392036522922,False,115.3553239521844,True,132.81392036522922,0.00039459999970858917,True,132.81392036522922,0.00016899999991437653,False,142.7079050022962,0.05469250300029671,True,132.81392036522922,0.4524863249998816,False,142.7079050022962,0.3431912179999017,False,157.72283290759046,0.15140980900014256,266.75278664520977,60.40304781700024,2.894087791442871
50,95,300,69,0.23,93,0,138,87,9.573214069434949,21,-156.51899178586368,True,125.3797021328691,False,117.9691764991891,True,125.3797021328691,0.000356399999873247,True,125.3797021328691,0.00014929999997548293,True,125.3797021328691,0.031231802000093012,True,125.3797021328691,0.42684892300030697,False,134.95291620230404,0.4431432239998685,False,157.41121228064077,0.16055630900018514,250.91475683649645,54.217588479999904,2.8751134872436523
50,96,300,75,0.25,117,0,108,120,9.686058397706919,20,-157.08914117548514,True,125.60770263292319,False,133.62105025435852,True,125.60770263292319,0.0003958009997404588,True,125.60770263292319,0.00016659999982948648,False,135.29376103063012,0.04537460199981069,False,135.29376103063012,0.5499772299999677,False,135.29376103063012,0.42086292300018613,False,157.9049196180297,0.195469710999987,255.3767859034256,59.361228758999914,2.885406494140625
50,97,300,90,0.3,75,0,135,138,9.850119448249657,24,-167.53769964951888,True,138.8278330278058,False,109.69571198511815,True,138.8278330278058,0.00048580100019535166,True,138.8278330278058,0.00018359999967287877,True,138.8278330278058,0.03388610100000733,False,148.67795247605542,0.5700180320000072,False,148.67795247605542,0.5638476310000442,False,186.47867092552207,0.19241861000000426,249.76189567536582,64.76772925800014,2.897747039794922
50,98,300,78,0.26,93,0,129,108,9.991057097580807,22,-200.5889595843521,True,156.34866988273373,False,172.1494599167504,True,156.34866988273373,0.00036119999958827975,True,156.34866988273373,0.00016920000007303315,True,156.34866988273373,0.031115801999931136,True,156.34866988273373,0.4053817219996745,False,166.33972698031457,0.5259922290001668,False,203.1453860754282,0.17293450900024254,296.40761919700543,59.41589056399971,2.8776512145996094
50,99,300,93,0.31,96,0,111,141,9.445391704255915,25,-188.08702987040323,True,148.78383489687346,False,172.80759807440043,True,148.78383489687346,0.0005824999998367275,True,148.78383489687346,0.00023980000014489633,True,148.78383489687346,0.035865302000274824,False,158.22922660112937,0.7080437390000043,True,148.78383489687346,0.4821300250000604,False,183.77912457937896,0.19812571100010246,254.4962656167949,71.58689002900019,2.946171760559082
50,100,300,72,0.24,141,0,87,108,9.523702054026495,20,-166.8846436129755,True,122.84936131550424,True,83.1799620935708,True,122.84936131550424,0.00038600000016231206,True,122.84936131550424,0.00017220000017914572,False,132.37306336953074,0.033836501999758184,False,132.37306336953074,0.47610302599969145,False,132.37306336953074,0.45066942499988727,False,158.2036366127243,0.19456531000014365,288.0717080321773,56.6828444140001,2.8875350952148438
50,101,300,72,0.24,141,0,87,93,9.918029193241054,21,-175.9935288154113,True,140.57771153838124,False,145.04168235722906,True,140.57771153838124,0.0005956999998488754,True,140.57771153838124,0.0003069999997933337,False,150.4957407316223,0.029017898999882163,False,150.4957407316223,0.412066190999667,False,150.4957407316223,0.33902489299998706,False,177.79634133002463,0.14651539699980276,303.0975966744459,58.90804751499991,2.876908302307129
50,102,300,84,0.28,93,0,123,144,9.91039704394579,22,-150.20003395209952,True,135.82548570835777,False,108.22653605158943,True,135.82548570835777,0.00043569999979808927,True,135.82548570835777,0.0001760999998623447,False,145.73588275230352,0.03807769900004132,True,135.82548570835777,0.5016001890003281,False,145.73588275230352,0.4001012919998175,False,171.02909415614724,0.17200869599992075,285.2400607233295,62.19800257800034,3.1668806076049805
50,103,300,81,0.27,129,0,90,144,9.495953022920036,20,-155.90512916362786,True,119.4137117871928,False,90.2802003767512,True,119.4137117871928,0.0005154999998921994,True,119.4137117871928,0.00019870000005539623,False,128.90966481011284,0.038291299999855255,True,119.4137117871928,0.6619143849998181,True,119.4137117871928,0.4893894899996667,False,150.89386468027766,0.1928488959997594,279.3805888406841,57.997847169000124,2.8864288330078125
50,104,300,69,0.23,87,0,144,99,9.96688988311022,19,-151.4621495226974,True,122.72833712243997,False,107.13347601820861,True,122.72833712243997,0.00044620000016948325,True,122.72833712243997,0.00018599999975776882,True,122.72833712243997,0.036030498999934935,False,132.69522700555018,0.35858879299985347,False,132.69522700555018,0.34919779200026824,False,139.98461688740656,0.13771029700001236,241.5080720161266,50.33550203100003,2.8668317794799805
50,105,300,75,0.25,96,0,129,111,9.789445942346896,21,-159.36020500965938,True,130.43241172780955,False,113.12559559365296,True,130.43241172780955,0.00037079999992783996,True,130.43241172780955,0.00015709999979662825,False,140.22185767015642,0.030647799000234954,True,130.43241172780955,0.3963985909999792,False,140.22185767015642,0.3906128909998188,False,139.7874864133062,0.14298589700001685,283.78771598331224,54.55568943599974,2.878437042236328
50,106,300,75,0.25,123,0,102,102,9.939726561173526,22,-153.78611854755474,True,125.33491997819571,False,119.35529052804506,True,125.33491997819571,0.0003774000001612876,True,125.33491997819571,0.00016189999996640836,False,135.27464653936926,0.033232499999940046,False,135.27464653936926,0.446942990000025,False,135.27464653936926,0.3237465929996688,False,157.70527660075885,0.19964229600009276,272.7533010152689,57.04337168899974,2.875608444213867
50,107,300,63,0.21,114,0,123,90,9.885129772154,18,-169.2315605842455,True,128.2542607888565,False,125.25478916531826,True,128.2542607888565,0.00034629999981916626,True,128.2542607888565,0.00014330000021800515,False,138.1393905610105,0.03205789999992703,False,138.1393905610105,0.43528689000004306,True,128.2542607888565,0.46095129100012855,False,155.92590272099076,0.1553463959999135,299.61232732874464,47.458511088999785,2.874814987182617
50,108,300,78,0.26,102,0,120,96,9.903188525514608,24,-205.60236148854412,True,157.20633094987372,False,168.1311074954221,True,157.20633094987372,0.0003577999996196013,True,157.20633094987372,0.00015350000012404053,False,167.10951947538834,0.03026689900070778,False,167.10951947538834,0.4936669899998378,True,157.20633094987372,0.4177002910000738,False,195.58988177222724,0.17528929600030096,289.10436080933766,59.37071303900029,2.881927490234375
50,109,300,87,0.29,102,0,111,135,9.607330923444925,23,-180.50270510983836,True,147.43763681460288,True,108.41832177728622,True,147.43763681460288,0.0004333000006226939,True,147.43763681460288,0.00018280000040249433,False,157.04496773804775,0.033416198999475455,False,157.04496773804775,0.602179987999989,False,157.04496773804775,0.4592667899996741,False,175.4055172782883,0.1693366959998457,258.9934130761835,65.52000820199919,2.8969993591308594
50,110,300,87,0.29,90,0,123,141,9.947160982255884,23,-170.59847266135634,True,140.2279251297037,False,128.24608080878423,True,140.2279251297037,0.0005096999993838836,True,140.2279251297037,0.0002122999994753627,True,140.2279251297037,0.1008655980003823,False,150.17508611195962,0.8506359809998685,False,150.17508611195962,0.46093428999938624,False,181.1665814823498,0.18100499600041076,267.3905587172331,66.84627627499958,2.9000587463378906
50,111,300,78,0.26,135,0,87,114,9.952019982500985,22,-153.55863601056262,True,126.92223251253033,True,94.83468118670804,True,126.92223251253033,0.0004166999997323728,True,126.92223251253033,0.00016870000035851263,False,136.8742524950313,0.03144739899926208,False,136.8742524950313,0.48712899000020116,False,136.8742524950313,0.4023860909992436,False,160.3841983825223,0.20936909600004583,289.64297331732513,59.59666543000003,2.891756057739258
50,112,300,63,0.21,111,0,126,63,9.69556115724708,21,-192.34211623964254,True,147.40551542691705,False,186.52869090633249,True,147.40551542691705,0.0003242999991925899,True,147.40551542691705,0.00013390000003710156,False,157.10107658416413,0.052742098999260634,False,157.10107658416413,0.3922318920003818,True,147.40551542691705,0.32502669299992704,False,185.12226047183552,0.1772060959992814,285.8589118491061,50.89964641900042,2.883103370666504
50,113,300,78,0.26,141,0,81,123,9.689425360221048,21,-151.89637990740613,True,123.94000105514823,False,110.8083378020882,True,123.94000105514823,0.0003901999998561223,True,123.94000105514823,0.0001646999999138643,True,123.94000105514823,0.030327399000270816,False,133.62942641536927,0.40247979200012196,False,133.62942641536927,0.43991519000064727,False,148.61313619128552,0.17591309699946578,238.02713250763088,61.42743989199971,2.887449264526367
50,114,300,75,0.25,144,0,81,93,9.734259007228589,23,-174.34981671826415,True,146.3630346710734,False,138.94441796954428,True,146.3630346710734,0.0004054000000905944,True,146.3630346710734,0.00016539999978704145,False,156.09729367830198,0.03243099900009838,True,146.3630346710734,0.4320430909992865,False,156.09729367830198,0.3456959929999357,False,161.60477521693562,0.19205329600026744,284.43977223718264,57.33616478099975,2.9182214736938477
50,115,300,90,0.3,87,0,123,144,9.982593801227678,24,-208.70473259980244,True,160.57305004631164,False,171.54895303775243,True,160.57305004631164,0.0005772000004071742,True,160.57305004631164,0.00022219999937078683,False,170.5556438475393,0.03494049900018581,True,160.57305004631164,0.5930716869997923,False,170.5556438475393,0.39496389200030535,True,151.07692444153184,0.22832739500063326,301.4820678825421,68.11631545200089,2.9075393676757812
50,116,300,90,0.3,102,0,108,108,9.685337692463703,28,-198.81340584912027,True,165.29479479421167,False,152.12371421085516,True,165.29479479421167,0.0005240999998932239,True,165.29479479421167,0.00021349999951780774,True,165.29479479421167,0.05175299900020036,True,165.29479479421167,0.628027987000678,True,165.29479479421167,0.48044048999963707,False,178.28659862307737,0.23474449500008632,258.9315636367963,71.81767587400009,2.9016637802124023
50,117,300,81,0.27,87,0,132,111,9.844103286697088,23,-171.65213986885394,True,143.10318113390167,False,139.97423928805355,True,143.10318113390167,0.0004073999998581712,True,143.10318113390167,0.00017279999974562088,True,143.10318113390167,0.03308139900036622,False,152.94728442059878,0.41713889200036647,False,152.94728442059878,0.3898239910004122,False,188.4090991812233,0.1517419970004994,289.62826459445535,62.26943947399923,2.882767677307129
50,118,300,69,0.23,105,0,126,78,9.705224407102746,22,-158.540036840978,True,125.90108846694027,False,137.8278906325252,True,125.90108846694027,0.0003083990004597581,True,125.90108846694027,0.00013419999959296547,True,125.90108846694027,0.036374199999954726,True,125.90108846694027,0.4427610900002037,False,135.60631287404303,0.30586909399971773,False,141.99516215701192,0.13011049699980504,262.33437331452143,55.89229230699948,2.87746524810791
50,119,300,81,0.27,102,0,117,108,9.927014172465745,24,-151.07864042201075,True,128.03719554622424,True,106.48026252936054,True,128.03719554622424,0.0006579999999303254,True,128.03719554622424,0.00035630000002129236,True,128.03719554622424,0.03632869899956859,False,137.96420971868997,0.47676219000004494,False,137.96420971868997,0.4101708920006786,False,175.52661244995812,0.18714639599966176,240.92356122645504,60.36821851500008,2.8874263763427734
50,120,300,84,0.28,120,0,96,132,9.738730449020075,22,-180.6574606901514,True,146.29849640526479,False,137.31869014596037,True,146.29849640526479,0.000498099000651564,True,146.29849640526479,0.00021749999996245606,False,156.03722685428485,0.034534399999756715,False,156.03722685428485,0.49417618899951776,True,146.29849640526479,0.4630551899999773,False,171.64652638549106,0.2588926939997691,262.8404880130553,62.32897177399991,2.8871898651123047
50,121,300,84,0.28,66,0,150,111,9.899500930420972,25,-183.18501572457697,True,142.5205848551936,False,129.70821026192985,True,142.5205848551936,0.000398000000132015,True,142.5205848551936,0.00016959999993559904,True,142.5205848551936,0.03176959899974463,False,152.42008578561456,0.48901789000046847,False,152.42008578561456,0.48444789000041055,False,153.40982821776817,0.16873949599994376,261.3041621453668,63.15533755300021,2.890255928039551
50,122,300,57,0.19,144,0,99,66,9.972228533662548,18,-158.2943059874965,True,122.21842215502575,False,122.5934952528697,True,122.21842215502575,0.0002690999999686028,True,122.21842215502575,0.00011520000043674372,True,122.21842215502575,0.039258298999811814,True,122.21842215502575,0.2991918939997049,False,132.1906506886883,0.46449668999957794,False,132.0375978276883,0.1247502969999914,289.77462670055434,44.34513665799932,2.885395050048828
50,123,300,78,0.26,108,0,114,114,9.927619955147952,22,-143.4936632350655,True,120.38731490322895,True,95.54000427172126,True,120.38731490322895,0.0004054000000905944,True,120.38731490322895,0.00021879999985685572,False,130.31493485837686,0.03232419899995875,False,130.31493485837686,0.42347729099947173,True,120.38731490322895,0.4915796900004352,False,148.13029901503472,0.17177469600028417,248.03913669381413,61.532591789000435,2.8832263946533203
50,124,300,78,0.26,105,0,117,117,9.531789696925914,21,-160.36344034024367,True,134.87226573162357,True,117.64778215652214,True,134.87226573162357,0.00042630000007193303,True,134.87226573162357,0.00017130000014731195,False,144.4040554285495,0.03243199900043692,False,144.4040554285495,0.4384695910002847,False,144.4040554285495,0.3827371920006044,False,160.47390153540962,0.16606159599996317,262.0048753937829,58.932167343999936,2.8809547424316406
50,125,300,75,0.25,99,0,126,120,9.404069694072211,20,-145.00718498244524,True,115.81748417480604,False,110.09020890533236,True,115.81748417480604,0.0004068000007464434,True,115.81748417480604,0.0002058000000033644,False,125.22155386887825,0.0535550989998228,True,115.81748417480604,0.47987529000056384,False,125.22155386887825,0.4956329890001143,False,126.96433886554065,0.19635939599993435,256.5243327066467,58.535648855000545,2.8794736862182617
50,126,300,63,0.21,90,0,147,72,9.840715621241849,20,-189.35908578433308,True,145.5845600378682,False,153.6614433384473,True,145.5845600378682,0.0004608999997799401,True,145.5845600378682,0.00029540000014094403,True,145.5845600378682,0.061177298999609775,True,145.5845600378682,0.33360339299997577,False,155.42527565911,0.36966689200016845,False,154.86562351107432,0.12788889700004802,271.6066492558908,50.26398573000006,2.870814323425293
50,127,300,72,0.24,150,0,78,120,9.76907907829878,18,-167.98507571410522,True,122.70599792721544,False,137.5830031728945,True,122.70599792721544,0.0003987000000051921,True,122.70599792721544,0.00016219999997701962,False,132.47507700551424,0.048870599000110815,True,122.70599792721544,0.41927889100043103,False,132.47507700551424,0.42330009099987365,True,122.70599792721544,0.14863229700040392,277.62340168495234,52.72107777600013,2.887754440307617
50,128,300,78,0.26,102,0,120,126,9.599234049389743,20,-150.20863120685306,True,119.17304987902958,False,109.46083234751903,True,119.17304987902958,0.0007596999994348153,True,119.17304987902958,0.00036550000004353933,False,128.7722839284193,0.05507639899951755,False,128.7722839284193,0.4181689910001296,True,119.17304987902958,0.4566242900000361,False,151.2388358755446,0.26257499500025006,268.7767444563825,59.93124942099985,2.8809127807617188
50,129,300,72,0.24,135,0,93,126,9.91668824020124,18,-160.37842878750465,True,129.07378986792594,False,98.39011180213217,True,129.07378986792594,0.0004308000006858492,True,129.07378986792594,0.00015359999997599516,True,129.07378986792594,0.0379512990002695,False,138.99047810812715,0.39764029199977813,True,129.07378986792594,0.329546792999281,False,147.7596543557286,0.1361305970003741,279.0715905299773,54.30747754300046,2.882960319519043
50,130,300,66,0.22,117,0,117,105,9.88135705802539,17,-148.64428033256223,True,113.74487126011901,False,108.61798677915314,True,113.74487126011901,0.00035800000023300527,True,113.74487126011901,0.0001474999999118154,False,123.62622831814441,0.030977799000538653,False,123.62622831814441,0.3380988930002786,True,113.74487126011901,0.41887499100084824,False,130.10386238981067,0.18849299599969527,271.28781264162586,47.70950538699981,2.870110511779785
50,131,300,60,0.2,129,0,111,78,9.683052612388444,18,-131.69934215408645,True,101.05203203462708,False,112.00955280363294,True,101.05203203462708,0.00031969999963621376,True,101.05203203462708,0.0001314999999522115,False,110.73508464701553,0.030524998999680975,True,101.05203203462708,0.34185329299998557,False,110.73508464701553,0.3454947930003982,True,100.04049193513707,0.11647339699993609,253.37509622643802,46.907506203000594,2.8781814575195312
50,132,300,63,0.21,114,0,123,81,9.079331191980215,19,-183.88317801463523,True,130.87872862916353,False,156.83083166597052,True,130.87872862916353,0.00031549999948765617,True,130.87872862916353,0.0001342999994449201,True,130.87872862916353,0.030217999999877065,False,139.9580598211437,0.35536689199943794,True,130.87872862916353,0.37716809199991985,False,174.23751199396875,0.26684809400012455,289.08725755670895,49.41803614699984,2.8766002655029297
50,133,300,81,0.27,99,0,120,99,9.933076605680819,25,-198.12086458343484,True,159.71442620402107,False,169.90638818391236,True,159.71442620402107,0.0003845999999612104,True,159.71442620402107,0.00015549999989161734,True,159.71442620402107,0.03237489900038781,True,159.71442620402107,0.406763590999617,True,159.71442620402107,0.4176359910006795,False,175.05041538957946,0.18315189700024348,261.9687088463811,61.86398908300089,2.9259748458862305
50,134,300,87,0.29,111,0,102,150,9.967812717711428,22,-192.6914433938872,True,150.96227910009705,True,101.63213820049303,True,150.96227910009705,0.00047589999940100824,True,150.96227910009705,0.00020449999919947004,True,150.96227910009705,0.03616969899940159,True,150.96227910009705,0.5423908880002273,True,150.96227910009705,0.40729709199968056,False,185.91891703893035,0.16516759600017394,308.33572906603024,65.73195890399984,2.8997888565063477
50,135,300,63,0.21,144,0,93,90,9.797379877445174,18,-146.10845163415635,True,116.45956375546851,True,106.41776772104642,True,116.45956375546851,0.00034440000035829144,True,116.45956375546851,0.00014229999942472205,True,116.45956375546851,0.04042039899923111,False,126.2569436329137,0.3010395940000308,False,126.2569436329137,0.368255291999958,False,132.28390850910233,0.15898669699981838,281.86005290880905,47.54304578600022,2.8849830627441406
50,136,300,66,0.22,102,0,132,84,9.99517829666684,20,-178.12527330935663,True,138.98349879195192,False,166.11585787609016,True,138.98349879195192,0.00031709999984741444,True,138.98349879195192,0.00013560000024881447,False,148.97867708861875,0.029041099999631115,False,148.97867708861875,0.3497845920001055,False,148.97867708861875,0.40862189099971147,False,166.4632225947232,0.1596446969997487,293.1687168817207,50.495580526000595,2.874116897583008
50,137,300,66,0.22,150,0,84,102,9.656080213033633,18,-150.8914347583181,True,114.24167853357187,False,105.54975269660333,True,114.24167853357187,0.0003744999994523823,True,114.24167853357187,0.00014740000005986076,True,114.24167853357187,0.029979799000102503,True,114.24167853357187,0.4096597909992852,True,114.24167853357187,0.37868539200007945,False,129.8817553458547,0.13759959700018953,285.2780615637538,50.285783327999525,2.9002513885498047
50,138,300,90,0.3,57,0,153,162,9.900166524007851,22,-161.56632297162594,True,129.9537294995592,False,98.1213103715568,True,129.9537294995592,0.00047369999992952216,True,129.9537294995592,0.00020199999926262535,False,139.85389602356705,0.032710999000300944,False,139.85389602356705,0.5693544879995898,False,139.85389602356705,0.5510013880002589,False,171.1590420881102,0.2214512950004064,250.6802903508679,65.59814340100002,2.902719497680664
50,139,300,75,0.25,96,0,129,96,9.416131529186343,22,-157.4712870157317,True,126.93903643690996,False,115.37744930705605,True,126.93903643690996,0.0003588999998100917,True,126.93903643690996,0.00015239999993355013,False,136.3551679660963,0.031306700000641285,True,126.93903643690996,0.517776588999368,False,136.3551679660963,0.4519160899999406,False,127.33477717582485,0.19670629600022949,256.12004825571336,60.052276019999226,2.876689910888672
50,140,300,60,0.2,126,0,114,87,9.872825873826725,17,-152.90932857011018,True,118.95951758495258,False,113.66967762043214,True,118.95951758495258,0.0002961999998660758,True,118.95951758495258,0.0001281000004382804,True,118.95951758495258,0.027840399000524485,True,118.95951758495258,0.27526519399998506,False,128.83234345877926,0.3431906929999968,False,127.01797954701851,0.1466302970002289,313.6122014858494,45.79678022600001,2.8856277465820312
50,141,300,75,0.25,129,0,96,108,9.210021611952266,20,-125.81591181026965,True,111.15569600165234,False,89.53482484644559,True,111.15569600165234,0.000357599999915692,True,111.15569600165234,0.00015270000039890874,False,120.3657176136046,0.053941899000164995,False,120.3657176136046,0.4571954900002311,True,111.15569600165234,0.38901329199961765,True,108.82290411851166,0.17312049600059254,237.4774948276561,55.083538225000666,2.875521659851074
